Batter,Runs,Matches,Deliveries,Strike_Rate,Avg_Per_Match
V Kohli,8014,244,6236,128.51,32.84
S Dhawan,6769,221,5483,123.45,30.63
RG Sharma,6630,251,5183,127.92,26.41
DA Warner,6567,184,4849,135.43,35.69
SK Raina,5536,200,4177,132.54,27.68
MS Dhoni,5243,228,3947,132.84,23.0
AB de Villiers,5181,170,3487,148.58,30.48
CH Gayle,4997,141,3516,142.12,35.44
RV Uthappa,4954,197,3927,126.15,25.15
KD Karthik,4843,233,3687,131.35,20.79
KL Rahul,4689,122,3578,131.05,38.43
AM Rahane,4642,171,3858,120.32,27.15
F du Plessis,4571,138,3435,133.07,33.12
SV Samson,4419,162,3270,135.14,27.28
AT Rayudu,4348,185,3490,124.58,23.5
G Gambhir,4217,151,3524,119.67,27.93
SR Watson,3880,141,2892,134.16,27.52
MK Pandey,3859,158,3288,117.37,24.42
SA Yadav,3594,135,2522,142.51,26.62
JC Buttler,3583,106,2519,142.24,33.8
KA Pollard,3437,168,2447,140.46,20.46
RR Pant,3297,110,2296,143.6,29.97
YK Pathan,3222,153,2334,138.05,21.06
Shubman Gill,3216,99,2432,132.24,32.48
Q de Kock,3160,107,2410,131.12,29.53
SS Iyer,3131,114,2545,123.03,27.46
RA Jadeja,2959,180,2378,124.43,16.44
WP Saha,2934,143,2368,123.9,20.52
DA Miller,2924,123,2171,134.68,23.77
BB McCullum,2882,109,2272,126.85,26.44
PA Patel,2848,136,2442,116.63,20.94
GJ Maxwell,2772,128,1842,150.49,21.66
Yuvraj Singh,2754,126,2207,124.78,21.86
V Sehwag,2728,104,1833,148.83,26.23
MA Agarwal,2669,121,2081,128.26,22.06
Ishan Kishan,2644,99,1991,132.8,26.71
N Rana,2636,101,2015,130.82,26.1
M Vijay,2619,105,2208,118.61,24.94
HH Pandya,2534,128,1814,139.69,19.8
SPD Smith,2495,93,1999,124.81,26.83
SE Marsh,2489,69,1913,130.11,36.07
AD Russell,2488,104,1515,164.22,23.92
JH Kallis,2427,95,2291,105.94,25.55
DR Smith,2385,88,1803,132.28,27.1
RD Gaikwad,2380,65,1781,133.63,36.62
SR Tendulkar,2334,78,2044,114.19,29.92
RA Tripathi,2236,93,1650,135.52,24.04
R Dravid,2174,82,1918,113.35,26.51
KS Williamson,2132,76,1734,122.95,28.05
AJ Finch,2092,90,1696,123.35,23.24
AC Gilchrist,2069,80,1555,133.05,25.86
JP Duminy,2029,75,1680,120.77,27.05
MEK Hussey,1977,58,1648,119.96,34.09
PP Shaw,1892,79,1321,143.22,23.95
MP Stoinis,1866,88,1366,136.6,21.2
DPMD Jayawardene,1808,78,1522,118.79,23.18
N Pooran,1769,72,1143,154.77,24.57
Mandeep Singh,1706,97,1418,120.31,17.59
MK Tiwary,1695,83,1489,113.83,20.42
KC Sangakkara,1687,68,1424,118.47,24.81
AR Patel,1653,112,1318,125.42,14.76
KH Pandya,1647,107,1287,127.97,15.39
YBK Jaiswal,1607,52,1095,146.76,30.9
JM Bairstow,1589,50,1132,140.37,31.78
DJ Bravo,1560,110,1247,125.1,14.18
D Padikkal,1559,64,1323,117.84,24.36
NV Ojha,1554,94,1360,114.26,16.53
SP Narine,1534,106,984,155.89,14.47
S Dube,1502,61,1077,139.46,24.62
KK Nair,1496,68,1192,125.5,22.0
SS Tiwary,1494,73,1291,115.72,20.47
DJ Hooda,1466,96,1170,125.3,15.27
S Badrinath,1441,65,1245,115.74,22.17
EJG Morgan,1406,74,1181,119.05,19.0
BJ Hodge,1400,63,1153,121.42,22.22
Abhishek Sharma,1377,61,925,148.86,22.57
SC Ganguly,1349,56,1326,101.73,24.09
CA Lynn,1329,42,974,136.45,31.64
VR Iyer,1326,49,1000,132.6,27.06
DJ Hussey,1322,61,1101,120.07,21.67
SO Hetmyer,1243,65,854,145.55,19.12
KM Jadhav,1208,81,1012,119.37,14.91
R Parag,1173,58,909,129.04,20.22
MM Ali,1162,57,849,136.87,20.39
Tilak Varma,1156,38,830,139.28,30.42
TM Dilshan,1153,50,1047,110.12,23.06
IK Pathan,1150,82,985,116.75,14.02
V Shankar,1115,58,890,125.28,19.22
ML Hayden,1107,32,839,131.94,34.59
M Vohra,1083,51,863,125.49,21.24
LMP Simmons,1079,29,878,122.89,37.21
B Sai Sudharsan,1034,25,770,134.29,41.36
LRPL Taylor,1017,54,847,120.07,18.83
R Tewatia,1013,65,788,128.55,15.58
KP Pietersen,1001,36,758,132.06,27.81
MC Henriques,1000,54,801,124.84,18.52
AK Markram,995,42,787,126.43,23.69
H Klaasen,993,32,613,161.99,31.03
Y Venugopal Rao,985,52,865,113.87,18.94
JA Morkel,975,67,712,136.94,14.55
A Symonds,974,36,781,124.71,27.06
CL White,971,45,774,125.45,21.58
LS Livingstone,939,39,609,154.19,24.08
BA Stokes,935,43,718,130.22,21.74
DP Conway,924,22,669,138.12,42.0
RK Singh,893,40,654,136.54,22.32
HH Gibbs,886,36,837,105.85,24.61
SM Curran,883,48,673,131.2,18.4
STR Binny,880,66,700,125.71,13.33
Harbhajan Singh,833,88,636,130.97,9.47
R Ashwin,800,89,698,114.61,8.99
RM Patidar,799,24,534,149.63,33.29
MS Bisla,798,39,737,108.28,20.46
Shakib Al Hasan,795,52,665,119.55,15.29
TM Head,772,25,458,168.56,30.88
ST Jayasuriya,768,30,573,134.03,25.6
P Simran Singh,756,34,528,143.18,22.24
GC Smith,739,29,691,106.95,25.48
JM Sharma,730,36,501,145.71,20.28
AD Mathews,724,41,599,120.87,17.66
C Green,707,28,472,149.79,25.25
TL Suman,676,39,587,115.16,17.33
AM Nayar,672,50,588,114.29,13.44
MR Marsh,665,36,532,125.0,18.47
GJ Bailey,663,36,552,120.11,18.42
TH David,659,35,417,158.03,18.83
E Lewis,654,26,499,131.06,25.15
PD Salt,653,21,385,169.61,31.1
A Badoni,634,35,505,125.54,18.11
PP Chawla,624,86,580,107.59,7.26
CH Morris,618,49,413,149.64,12.61
JJ Roy,614,21,460,133.48,29.24
JD Ryder,604,29,466,129.61,20.83
SN Khan,585,36,456,128.29,16.25
Abdul Samad,579,39,408,141.91,14.85
HM Amla,577,16,418,138.04,36.06
M Shahrukh Khan,553,37,413,133.9,14.95
Rashid Khan,545,58,355,153.52,9.4
CJ Anderson,538,29,436,123.39,18.55
Shahbaz Ahmed,536,37,467,114.78,14.49
RS Bopara,531,22,468,113.46,24.14
MK Lomror,527,35,389,135.48,15.06
JP Faulkner,527,45,406,129.8,11.71
PJ Cummins,515,39,359,143.45,13.21
M Manhas,514,38,486,105.76,13.53
Gurkeerat Singh,511,32,436,117.2,15.97
OA Shah,506,22,405,124.94,23.0
PC Valthaty,505,23,432,116.9,21.96
SW Billings,503,27,399,126.07,18.63
RR Rossouw,473,22,321,147.35,21.5
DT Christian,460,41,408,112.75,11.22
NLTC Perera,424,30,326,130.06,14.13
Shashank Singh,423,19,272,155.51,22.26
SA Asnodkar,423,19,352,120.17,22.26
JR Hopes,417,19,314,132.8,21.95
J Botha,409,28,364,112.36,14.61
LR Shukla,405,33,358,113.13,12.27
T Stubbs,405,17,239,169.46,23.82
AL Menaria,401,23,367,109.26,17.43
MV Boucher,394,23,318,123.9,17.13
CA Pujara,390,22,403,96.77,17.73
Azhar Mahmood,388,21,311,124.76,18.48
A Mishra,381,55,440,86.59,6.93
KR Mayers,379,13,276,137.32,29.15
Washington Sundar,378,38,341,110.85,9.95
DB Ravi Teja,375,25,325,115.38,15.0
S Sohal,368,20,311,118.33,18.4
P Negi,365,35,301,121.26,10.43
R Powell,360,22,254,141.73,16.36
Abishek Porel,360,16,244,147.54,22.5
DJ Mitchell,351,15,274,128.1,23.4
KV Sharma,351,39,306,114.71,9.0
N Wadhera,350,16,261,134.1,21.88
Dhruv Jurel,347,22,237,146.41,15.77
R Bhatia,342,47,290,117.93,7.28
P Kumar,340,57,323,105.26,5.96
AP Tare,339,27,285,118.95,12.56
J Fraser-McGurk,330,9,150,220.0,36.67
JEC Franklin,327,16,309,105.83,20.44
RN ten Doeschate,326,21,238,136.97,15.52
Anuj Rawat,318,21,276,115.22,15.14
R Vinay Kumar,310,42,289,107.27,7.38
SN Thakur,307,35,228,134.65,8.77
B Kumar,306,65,338,90.53,4.71
Lalit Yadav,305,21,301,101.33,14.52
DB Das,304,22,267,113.86,13.82
Nithish Kumar Reddy,303,11,221,137.1,27.55
C de Grandhomme,303,21,229,132.31,14.43
LA Pomersbach,302,16,251,120.32,18.88
UBT Chand,300,20,314,95.54,15.0
DJG Sammy,295,20,251,117.53,14.75
SP Goswami,293,21,307,95.44,13.95
Rahmanullah Gurbaz,289,13,228,126.75,22.23
Y Nagar,285,20,271,105.17,14.25
GH Vihari,284,23,331,85.8,12.35
VVS Laxman,282,20,271,104.06,14.1
A Ashish Reddy,280,23,196,142.86,12.17
B Chipli,280,21,256,109.38,13.33
MJ Lumb,278,12,198,140.4,23.17
PBB Rajapaksa,277,13,201,137.81,21.31
PK Garg,273,19,247,110.53,14.37
MJ Guptill,271,13,197,137.56,20.85
R Sathish,270,24,236,114.41,11.25
M Kaif,259,22,258,100.39,11.77
JO Holder,259,27,217,119.35,9.59
HV Patel,249,37,214,116.36,6.73
K Gowtham,247,27,159,155.35,9.15
Atharva Taide,247,9,177,139.55,27.44
SM Katich,241,11,191,126.18,21.91
BCJ Cutting,238,17,146,163.01,14.0
MD Mishra,237,17,213,111.27,13.94
Harpreet Brar,233,24,201,115.92,9.71
A Manohar,231,15,181,127.62,15.4
WG Jacks,230,8,133,172.93,28.75
D Brevis,230,10,176,130.68,23.0
R Ravindra,222,10,146,152.05,22.2
Mohammad Nabi,221,19,157,140.76,11.63
K Goel,218,16,239,91.21,13.62
AA Jhunjhunwala,217,15,218,99.54,14.47
R Dhawan,210,22,188,111.7,9.55
UT Yadav,208,48,211,98.58,4.33
K Rabada,206,28,207,99.52,7.36
CA Ingram,205,15,183,112.02,13.67
PD Collingwood,203,7,159,127.67,29.0
JC Archer,199,23,132,150.76,8.65
KS Bharat,199,8,168,118.45,24.88
SK Warne,198,27,219,90.41,7.33
JD Unadkat,197,27,170,115.88,7.3
SP Fleming,196,10,171,114.62,19.6
AS Raut,194,16,172,112.79,12.12
Salman Butt,193,7,172,112.21,27.57
BJ Rohrer,193,8,146,132.19,24.12
YV Takawale,192,10,183,104.92,19.2
HC Brook,190,11,159,119.5,17.27
Ashutosh Sharma,189,9,118,160.17,21.0
Bipul Sharma,187,17,124,150.81,11.0
SD Hope,183,9,125,146.4,20.33
MS Wade,183,14,185,98.92,13.07
FY Fazal,183,11,179,102.23,16.64
Kuldeep Yadav,183,32,224,81.7,5.72
Sikandar Raza,182,9,143,127.27,20.22
AC Voges,181,7,143,126.57,25.86
CR Brathwaite,181,14,120,150.83,12.93
S Gopal,180,22,173,104.05,8.18
AB Agarkar,179,18,160,111.87,9.94
C Munro,177,11,144,122.92,16.09
MF Maharoof,177,14,124,142.74,12.64
DH Yagnik,170,17,142,119.72,10.0
Ramandeep Singh,170,13,106,160.38,13.08
CM Gautam,169,13,158,106.96,13.0
MG Johnson,167,28,168,99.4,5.96
DW Steyn,167,33,163,102.45,5.06
MN van Wyk,167,5,135,123.7,33.4
PA Reddy,164,10,167,98.2,16.4
A Raghuvanshi,163,7,109,149.54,23.29
N Jagadeesan,162,10,155,104.52,16.2
MN Samuels,161,14,174,92.53,11.5
R McLaren,159,13,178,89.33,12.23
RE van der Merwe,159,15,144,110.42,10.6
D Wiese,148,11,105,140.95,13.45
AD Hales,148,6,119,124.37,24.67
SM Pollock,147,8,116,126.72,18.38
S Vidyut,145,8,115,126.09,18.12
Sachin Baby,144,11,123,117.07,13.09
Naman Dhir,140,7,84,166.67,20.0
N Saini,140,10,143,97.9,14.0
Anmolpreet Singh,139,9,117,118.8,15.44
S Anirudha,136,12,121,112.4,11.33
SB Styris,131,10,134,97.76,13.1
W Jaffer,130,8,129,100.78,16.25
RD Chahar,129,22,127,101.57,5.86
Kamran Akmal,128,6,78,164.1,21.33
P Dogra,127,12,141,90.07,10.58
UT Khawaja,127,6,105,120.95,21.17
TK Curran,127,10,108,117.59,12.7
M Morkel,126,20,93,135.48,6.3
SS Prabhudessai,126,10,113,111.5,12.6
MC Juneja,125,7,134,93.28,17.86
BB Samantray,125,8,116,107.76,15.62
MM Sharma,124,28,137,90.51,4.43
B Lee,124,19,102,121.57,6.53
Harpreet Singh,123,8,119,103.36,15.38
AB McDonald,123,9,103,119.42,13.67
DL Vettori,121,16,118,102.54,7.56
NK Patel,121,6,124,97.58,20.17
TG Southee,120,19,108,111.11,6.32
AC Blizzard,120,7,91,131.87,17.14
RJ Harris,117,21,112,104.46,5.57
Z Khan,117,27,141,82.98,4.33
Misbah-ul-Haq,117,8,82,142.68,14.62
MW Short,117,6,99,118.18,19.5
KK Cooper,116,12,70,165.71,9.67
Aman Hakim Khan,115,10,109,105.5,11.5
R Shepherd,115,9,68,169.12,12.78
DJM Short,115,7,102,112.75,16.43
M Kartik,113,14,109,103.67,8.07
DJ Harris,111,4,103,107.77,27.75
Mohammed Siraj,109,20,122,89.34,5.45
JDP Oram,106,11,110,96.36,9.64
LJ Wright,106,5,63,168.25,21.2
SE Rutherford,106,9,107,99.07,11.78
MA Starc,105,16,109,96.33,6.56
DS Kulkarni,104,20,113,92.04,5.2
RJ Quiney,103,7,105,98.1,14.71
SD Chitnis,99,8,92,107.61,12.38
MS Gony,99,15,76,130.26,6.6
CJ Ferguson,98,8,119,82.35,12.25
MJ Clarke,98,6,96,102.08,16.33
PN Mankad,97,5,75,129.33,19.4
Arshad Khan,96,6,67,143.28,16.0
DJ Jacobs,92,7,101,91.09,13.14
JDS Neesham,92,10,93,98.92,9.2
PR Shah,92,9,97,94.85,10.22
RT Ponting,91,9,129,70.54,10.11
AJ Tye,91,13,79,115.19,7.0
S Rana,91,8,82,110.98,11.38
AD Nath,90,10,99,90.91,9.0
SL Malinga,88,20,103,85.44,4.4
Iqbal Abdulla,88,13,86,102.33,6.77
Ankit Sharma,87,10,69,126.09,8.7
AP Majumdar,87,4,77,112.99,21.75
MJ McClenaghan,85,20,73,116.44,4.25
RE Levi,83,6,74,112.16,13.83
TA Boult,83,22,82,101.22,3.77
NM Coulter-Nile,82,16,75,109.33,5.12
CJ Jordan,81,12,81,100.0,6.75
WPUJC Vaas,81,11,73,110.96,7.36
Shahid Afridi,81,9,46,176.09,9.0
LA Carseldine,81,5,71,114.08,16.2
DL Chahar,80,12,61,131.15,6.67
RV Patel,80,7,76,105.26,11.43
AD Mascarenhas,79,11,79,100.0,7.18
JR Philippe,78,5,80,97.5,15.6
CR Woakes,78,12,77,101.3,6.5
IR Jaggi,76,7,100,76.0,10.86
B Akhil,76,11,57,133.33,6.91
TR Birt,75,5,59,127.12,15.0
Mohammed Shami,74,23,82,90.24,3.22
RR Sarwan,73,4,78,93.59,18.25
M Klinger,73,4,78,93.59,18.25
PWH de Silva,72,14,80,90.0,5.14
J Suchith,70,9,62,112.9,7.78
MJ Santner,70,11,77,90.91,6.36
AA Bilakhia,69,7,88,78.41,9.86
Vivrant Sharma,69,1,49,140.82,69.0
JJ Bumrah,68,26,80,85.0,2.62
LH Ferguson,68,7,48,141.67,9.71
RR Powar,67,9,64,104.69,7.44
M Jansen,66,12,71,92.96,5.5
R Sharma,66,19,77,85.71,3.47
HR Shokeen,66,5,67,98.51,13.2
WD Parnell,65,13,86,75.58,5.0
KA Jamieson,65,7,55,118.18,9.29
GD Phillips,65,8,55,118.18,8.12
Mohammad Hafeez,64,8,84,76.19,8.0
Anirudh Singh,63,4,69,91.3,15.75
A Flintoff,62,3,57,108.77,20.67
SP Jackson,61,8,57,107.02,7.62
S Aravind,59,10,59,100.0,5.9
MG Bracewell,58,4,49,118.37,14.5
I Sharma,57,21,71,80.28,2.71
Vishnu Vinod,56,6,58,96.55,9.33
WA Mota,56,8,76,73.68,7.0
M Rawat,55,11,70,78.57,5.0
Sandeep Sharma,54,25,73,73.97,2.16
A Chopra,53,6,75,70.67,8.83
DJ Willey,53,5,64,82.81,10.6
Shoaib Malik,52,5,49,106.12,10.4
RP Singh,52,28,78,66.67,1.86
Sameer Rizvi,51,5,43,118.6,10.2
Shivam Mavi,51,11,58,87.93,4.64
KB Arun Karthik,51,8,53,96.23,6.38
Swapnil Singh,51,9,46,110.87,5.67
OF Smith,51,6,50,102.0,8.5
R Rampaul,51,7,52,98.08,7.29
VR Aaron,50,12,73,68.49,4.17
RV Gomez,50,9,53,94.34,5.56
A Nortje,49,13,51,96.08,3.77
SB Bangar,49,7,58,84.48,7.0
AG Paunikar,49,5,61,80.33,9.8
AS Yadav,49,6,40,122.5,8.17
M Markande,48,10,44,109.09,4.8
T Kohler-Cadmore,48,3,54,88.89,16.0
Yashpal Singh,47,4,67,70.15,11.75
DR Sams,44,13,48,91.67,3.38
D Pretorius,44,5,28,157.14,8.8
Sunny Singh,43,5,31,138.71,8.6
PVD Chameera,43,7,32,134.38,6.14
AB Barath,42,3,43,97.67,14.0
Azmatullah Omarzai,42,4,34,123.53,10.5
SK Trivedi,42,14,61,68.85,3.0
Avesh Khan,41,9,25,164.0,4.56
A Nehra,41,17,63,65.08,2.41
Rasikh Salam,40,6,40,100.0,6.67
BR Dunk,40,3,36,111.11,13.33
J Yadav,40,4,38,105.26,10.0
LPC Silva,40,3,27,148.15,13.33
DJ Thornely,39,4,54,72.22,9.75
AUK Pathan,39,7,26,150.0,5.57
MM Patel,39,12,41,95.12,3.25
S Nadeem,39,20,88,44.32,1.95
Umar Gul,39,4,19,205.26,9.75
YS Chahal,37,17,89,41.57,2.18
S Narwal,37,4,29,127.59,9.25
KW Richardson,36,4,39,92.31,9.0
L Balaji,36,13,50,72.0,2.77
AN Ahmed,36,6,27,133.33,6.0
Sohail Tanvir,36,5,31,116.13,7.2
Joginder Sharma,36,5,30,120.0,7.2
Anureet Singh,36,8,47,76.6,4.5
B Sumanth,35,4,38,92.11,8.75
M Ashwin,35,12,50,70.0,2.92
A Kumble,35,15,49,71.43,2.33
S Sreesanth,34,12,57,59.65,2.83
A Mithun,34,6,26,130.77,5.67
AP Dole,34,2,23,147.83,17.0
L Ronchi,34,5,37,91.89,6.8
Imran Tahir,33,8,37,89.19,4.12
SB Dubey,33,3,21,157.14,11.0
Navdeep Saini,33,7,38,86.84,4.71
D Salunkhe,33,3,24,137.5,11.0
RJ Peterson,32,5,32,100.0,6.4
Ravi Bishnoi,32,14,52,61.54,2.29
Basil Thampi,32,7,37,86.49,4.57
AT Carey,32,3,29,110.34,10.67
NS Naik,31,4,53,58.49,7.75
T Taibu,31,3,26,119.23,10.33
S Sriram,31,2,38,81.58,15.5
Arshdeep Singh,29,11,42,69.05,2.64
VH Zol,29,2,26,111.54,14.5
J Syed Mohammad,29,5,27,107.41,5.8
SB Jakati,28,5,30,93.33,5.6
AS Joseph,27,5,32,84.38,5.4
NL McCullum,26,2,23,113.04,13.0
DJ Malan,26,1,26,100.0,26.0
AB Dinda,26,16,50,52.0,1.62
JM Kemp,26,2,25,104.0,13.0
TL Seifert,26,3,26,100.0,8.67
AS Rajpoot,26,7,41,63.41,3.71
MD Shanaka,26,3,26,100.0,8.67
PJ Sangwan,26,14,47,55.32,1.86
AS Roy,26,6,24,108.33,4.33
A Choudhary,25,3,20,125.0,8.33
CV Varun,25,10,49,51.02,2.5
S Chanderpaul,25,3,33,75.76,8.33
Sanvir Singh,25,5,22,113.64,5.0
Mohsin Khan,25,5,27,92.59,5.0
MA Khote,24,3,22,109.09,8.0
Tanush Kotian,24,1,32,75.0,24.0
ER Dwivedi,24,2,15,160.0,12.0
AJ Turner,24,6,31,77.42,4.0
KC Cariappa,24,5,21,114.29,4.8
SW Tait,23,5,26,88.46,4.6
J Arunkumar,23,3,24,95.83,7.67
Umran Malik,23,5,16,143.75,4.6
P Dubey,23,2,33,69.7,11.5
AF Milne,23,6,31,74.19,3.83
BMAJ Mendis,23,3,27,85.19,7.67
KL Nagarkoti,22,7,34,64.71,3.14
SA Abbott,22,3,18,122.22,7.33
HE van der Dussen,22,3,25,88.0,7.33
GB Hogg,22,4,22,100.0,5.5
Yudhvir Singh,22,4,16,137.5,5.5
AU Rashid,22,2,17,129.41,11.0
DE Bollinger,21,4,23,91.3,5.25
B Indrajith,21,3,31,67.74,7.0
TU Deshpande,21,4,15,140.0,5.25
M Muralitharan,20,9,30,66.67,2.22
C Sakariya,20,7,31,64.52,2.86
S Kaul,20,9,36,55.56,2.22
RR Raje,20,5,18,111.11,4.0
NJ Maddinson,20,3,21,95.24,6.67
AC Thomas,20,4,19,105.26,5.0
P Ray Barman,19,1,25,76.0,19.0
P Sahu,19,2,13,146.15,9.5
R Bishnoi,19,3,17,111.76,6.33
NT Ellis,19,5,26,73.08,3.8
Y Gnaneswara Rao,19,1,18,105.56,19.0
Gulbadin Naib,19,1,15,126.67,19.0
Akash Deep,19,3,12,158.33,6.33
JR Hazlewood,19,6,29,65.52,3.17
A Mukund,19,2,23,82.61,9.5
R Shukla,19,4,23,82.61,4.75
DR Martyn,19,1,26,73.08,19.0
Sumit Kumar,18,3,26,69.23,6.0
BJ Haddin,18,1,11,163.64,18.0
Harmeet Singh,18,4,12,150.0,4.5
JJ van der Wath,18,3,17,105.88,6.0
Naveen-ul-Haq,18,4,26,69.23,4.5
KMA Paul,18,5,26,69.23,3.6
T Banton,18,2,22,81.82,9.0
Saurav Chauhan,18,3,16,112.5,6.0
DS Lehmann,18,2,19,94.74,9.0
PV Tambe,18,6,39,46.15,3.0
JA Richardson,17,3,27,62.96,5.67
Parvez Rasool,17,4,20,85.0,4.25
PP Ojha,16,19,45,35.56,0.84
AJ Hosein,16,1,11,145.45,16.0
KS Sharma,16,3,25,64.0,5.33
YV Dhull,16,3,23,69.57,5.33
CK Kapugedera,16,3,24,66.67,5.33
JL Pattinson,15,2,13,115.38,7.5
I Udana,15,4,11,136.36,3.75
GR Napier,15,1,16,93.75,15.0
VY Mahesh,15,5,28,53.57,3.0
Virat Singh,15,2,26,57.69,7.5
A Zampa,15,5,25,60.0,3.0
C Madan,15,1,21,71.43,15.0
SD Lad,15,1,13,115.38,15.0
FA Allen,14,3,19,73.68,4.67
F Behardien,14,3,13,107.69,4.67
MDKJ Perera,14,2,13,107.69,7.0
G Coetzee,14,5,22,63.64,2.8
Vijaykumar Vyshak,14,4,13,107.69,3.5
DR Shorey,13,2,20,65.0,6.5
Noor Ahmad,13,5,18,72.22,2.6
S Badree,13,5,25,52.0,2.6
Mustafizur Rahman,13,6,23,56.52,2.17
Kartik Tyagi,13,6,16,81.25,2.17
DT Patil,13,2,13,100.0,6.5
AR Bawne,12,1,12,100.0,12.0
Karanveer Singh,12,4,17,70.59,3.0
T Thushara,12,4,19,63.16,3.0
DG Nalkande,12,2,12,100.0,6.0
Mujeeb Ur Rahman,12,6,15,80.0,2.0
MA Wood,12,3,10,120.0,4.0
AA Chavan,12,3,11,109.09,4.0
RA Bawa,11,2,14,78.57,5.5
T Henderson,11,2,16,68.75,5.5
T Kohli,11,3,20,55.0,3.67
M Ntini,11,2,19,57.89,5.5
X Thalaivan Sargunam,10,1,17,58.82,10.0
AG Murtaza,10,3,14,71.43,3.33
Mukesh Kumar,10,5,20,50.0,2.0
D du Preez,10,1,13,76.92,10.0
RK Bhui,10,4,27,37.04,2.5
SMSM Senanayake,10,4,17,58.82,2.5
BB Sran,10,7,14,71.43,1.43
TD Paine,10,2,29,34.48,5.0
JE Root,10,1,15,66.67,10.0
J Theron,10,4,13,76.92,2.5
K Kartikeya,9,2,13,69.23,4.5
AA Noffke,9,1,12,75.0,9.0
M Prasidh Krishna,9,7,24,37.5,1.29
SM Harwood,9,2,14,64.29,4.5
VG Arora,9,7,17,52.94,1.29
CJ McKay,8,1,15,53.33,8.0
D Ferreira,8,2,11,72.73,4.0
TS Mills,8,5,14,57.14,1.6
TM Srivastava,8,3,11,72.73,2.67
Jaskaran Singh,8,4,11,72.73,2.0
UA Birla,7,1,15,46.67,7.0
Pankaj Singh,7,5,12,58.33,1.4
IS Sodhi,7,2,18,38.89,3.5
SB Joshi,6,2,16,37.5,3.0
PSP Handscomb,6,1,12,50.0,6.0
P Awana,5,5,14,35.71,1.0
B Laughlin,5,4,13,38.46,1.25
DP Nannes,4,2,13,30.77,2.0
Fazalhaq Farooqi,3,2,13,23.08,1.5
Mohammad Ashraful,2,1,12,16.67,2.0
A Singh,2,5,10,20.0,0.4
ND Doshi,0,1,13,0.0,0.0
S Ladda,0,2,10,0.0,0.0
