Bowler,Wickets,Runs_Given,Deliveries,Economy,Matches
YS Chahal,213,4681,3628,7.74,159
DJ Bravo,207,4436,3296,8.08,158
PP Chawla,201,5179,3895,7.98,191
SP Narine,200,4672,4146,6.76,175
R Ashwin,198,5435,4679,6.97,208
B Kumar,195,5051,4060,7.46,176
SL Malinga,188,3486,2974,7.03,122
A Mishra,183,4193,3444,7.3,162
JJ Bumrah,182,3840,3185,7.23,133
RA Jadeja,169,4917,3895,7.57,211
UT Yadav,163,4442,3190,8.35,147
Harbhajan Singh,161,4101,3496,7.04,160
Rashid Khan,157,3340,2901,6.91,121
Sandeep Sharma,153,3758,2925,7.71,126
HV Patel,151,3215,2284,8.45,103
MM Sharma,147,3278,2308,8.52,111
Mohammed Shami,144,3486,2521,8.3,110
AR Patel,131,3824,3152,7.28,148
TA Boult,128,3286,2428,8.12,103
R Vinay Kumar,127,3041,2186,8.35,104
K Rabada,126,2652,1907,8.34,80
AD Russell,125,2691,1771,9.12,112
A Nehra,121,2537,1974,7.71,88
Z Khan,119,2860,2276,7.54,99
JD Unadkat,109,3219,2194,8.8,104
CH Morris,107,2377,1801,7.92,81
SR Watson,107,2742,2137,7.7,105
DW Steyn,105,2583,2282,6.79,95
P Kumar,102,3342,2637,7.6,119
RP Singh,100,2417,1874,7.74,82
SN Thakur,100,2908,1979,8.82,92
IK Pathan,99,2711,2113,7.7,101
PP Ojha,99,2399,1945,7.4,90
Mohammed Siraj,96,2894,2081,8.34,93
JA Morkel,96,2409,1807,8.0,87
I Sharma,96,3255,2429,8.04,110
DS Kulkarni,91,2513,1876,8.04,92
Kuldeep Yadav,90,2413,1786,8.11,82
M Morkel,88,2136,1699,7.54,70
Imran Tahir,86,1729,1340,7.74,59
L Balaji,85,2083,1574,7.94,73
CV Varun,85,2042,1624,7.54,70
Arshdeep Singh,84,2097,1453,8.66,65
KV Sharma,82,2130,1520,8.41,82
R Bhatia,82,2059,1661,7.44,91
AB Dinda,82,2103,1589,7.94,75
MM Patel,82,1733,1382,7.52,63
KA Pollard,81,2200,1586,8.32,107
Avesh Khan,81,2010,1390,8.68,62
KH Pandya,80,2644,2183,7.27,117
DL Chahar,79,2243,1746,7.71,81
KK Ahmed,78,1918,1345,8.56,57
RD Chahar,76,2165,1697,7.65,77
JP Faulkner,76,1849,1287,8.62,60
T Natarajan,76,2001,1401,8.57,61
MJ McClenaghan,75,1839,1346,8.2,56
JH Kallis,74,2348,1799,7.83,89
SK Trivedi,73,1944,1557,7.49,75
Shakib Al Hasan,71,1864,1515,7.38,70
Mustafizur Rahman,70,1792,1353,7.95,57
HH Pandya,70,2196,1485,8.87,93
Ravi Bishnoi,68,1861,1460,7.65,65
M Muralitharan,67,1765,1581,6.7,66
PJ Cummins,66,1976,1370,8.65,58
MG Johnson,66,1740,1301,8.02,54
S Kaul,63,1772,1238,8.59,55
SM Curran,62,1924,1234,9.35,58
A Nortje,62,1614,1097,8.83,46
SK Warne,60,1465,1223,7.19,54
JO Holder,59,1489,1049,8.52,46
MA Starc,59,1175,879,8.02,39
LH Ferguson,57,1451,1002,8.69,45
TG Southee,57,1774,1262,8.43,54
S Nadeem,54,1800,1444,7.48,70
M Prasidh Krishna,54,1741,1231,8.49,51
S Gopal,53,1358,1000,8.15,51
NM Coulter-Nile,52,1125,892,7.57,38
SB Jakati,50,1474,1101,8.03,57
JC Archer,49,1210,987,7.36,40
A Kumble,49,1089,983,6.65,42
S Aravind,48,1057,788,8.05,38
AJ Tye,48,1005,714,8.45,30
RJ Harris,47,1085,865,7.53,37
YK Pathan,46,1443,1184,7.31,82
TU Deshpande,46,1275,831,9.21,36
VR Aaron,46,1527,1065,8.6,50
MC Henriques,46,1302,979,7.98,60
MP Stoinis,45,1300,831,9.39,62
Iqbal Abdulla,45,1125,943,7.16,48
PJ Sangwan,44,1267,905,8.4,42
P Awana,43,1046,774,8.11,33
S Sreesanth,43,1221,947,7.74,44
DE Bollinger,43,716,600,7.16,27
R Sharma,42,1100,935,7.06,44
GJ Maxwell,41,1311,965,8.15,79
WD Parnell,40,968,758,7.66,33
DT Christian,40,1218,922,7.93,49
MM Ali,40,900,770,7.01,52
Yuvraj Singh,39,1091,882,7.42,73
M Kartik,39,1418,1182,7.2,55
MS Gony,39,1317,925,8.54,44
Washington Sundar,39,1335,1064,7.53,58
P Negi,38,954,733,7.81,42
DP Nannes,38,815,689,7.1,29
M Pathirana,38,617,503,7.36,20
M Markande,37,1081,737,8.8,37
MR Marsh,37,803,593,8.12,34
NLTC Perera,37,1031,715,8.65,36
R Tewatia,36,1117,866,7.74,52
CJ Jordan,36,1111,717,9.3,34
JR Hazlewood,36,830,622,8.01,27
PWH de Silva,36,758,557,8.17,26
KK Cooper,36,789,600,7.89,25
M Ashwin,35,1182,898,7.9,44
DL Vettori,34,894,785,6.83,34
MF Maharoof,33,532,441,7.24,20
AB Agarkar,33,1174,820,8.59,42
Shivam Mavi,33,958,687,8.37,32
Umran Malik,31,785,519,9.08,26
Mukesh Kumar,31,707,420,10.1,20
A Singh,31,639,486,7.89,23
Yash Dayal,31,933,615,9.1,28
Azhar Mahmood,31,707,552,7.68,23
BA Stokes,31,1023,723,8.49,38
CR Woakes,31,674,463,8.73,21
Harmeet Singh,31,747,574,7.81,28
B Lee,30,1126,916,7.38,38
SK Raina,30,1139,930,7.35,69
A Zampa,30,562,425,7.93,20
L Ngidi,28,460,342,8.07,14
AD Mathews,28,1095,807,8.14,44
PV Tambe,28,866,674,7.71,33
STR Binny,28,763,611,7.49,63
Yash Thakur,27,702,432,9.75,19
R Dhawan,27,922,693,7.98,36
Mohsin Khan,27,698,507,8.26,23
DR Smith,27,825,557,8.89,46
J Botha,27,818,709,6.92,34
Harshit Rana,27,590,403,8.78,19
SW Tait,26,668,534,7.51,21
Basil Thampi,26,862,539,9.6,25
Navdeep Saini,26,968,682,8.52,31
Naveen-ul-Haq,26,602,407,8.87,17
RE van der Merwe,25,515,455,6.79,21
GB Hogg,25,585,466,7.53,21
Harpreet Brar,25,907,692,7.86,39
M Theekshana,25,814,631,7.74,27
AS Rajpoot,24,844,567,8.93,29
Sohail Tanvir,24,275,265,6.23,11
Noor Ahmad,24,672,513,7.86,23
BW Hilfenhaus,23,497,390,7.65,17
JP Duminy,23,847,701,7.25,49
A Symonds,23,694,540,7.71,30
AS Joseph,22,707,454,9.34,22
Akash Madhwal,22,431,279,9.27,13
VY Mahesh,22,511,359,8.54,17
Bipul Sharma,22,581,436,8.0,28
K Gowtham,22,825,599,8.26,35
WPUJC Vaas,22,364,288,7.58,13
M Jansen,22,732,487,9.02,21
JP Behrendorff,22,563,379,8.91,17
RP Meredith,21,621,415,8.98,18
Shahbaz Ahmed,21,850,549,9.29,42
Anureet Singh,21,636,430,8.87,22
KW Richardson,21,479,345,8.33,15
J Suchith,20,604,434,8.35,21
VG Arora,20,598,418,8.58,20
C Sakariya,20,610,460,7.96,19
Mujeeb Ur Rahman,20,598,452,7.94,19
BB Sran,20,767,516,8.92,24
C Green,20,675,462,8.77,29
CRD Fernando,19,306,249,7.37,10
CH Gayle,19,755,584,7.76,38
A Ashish Reddy,19,400,270,8.89,20
IC Pandey,19,609,469,7.79,24
NT Ellis,19,514,365,8.45,16
AD Mascarenhas,19,365,310,7.06,13
BJ Hodge,18,310,238,7.82,20
LR Shukla,17,458,326,8.43,27
D Wiese,17,447,307,8.74,15
Vijaykumar Vyshak,17,396,243,9.78,11
R Rampaul,17,319,278,6.88,12
ST Jayasuriya,16,396,301,7.89,21
Mukesh Choudhary,16,452,298,9.1,14
Kartik Tyagi,16,720,458,9.43,20
MJ Santner,16,428,370,6.94,18
CR Brathwaite,16,384,266,8.66,16
VRV Singh,16,549,371,8.88,18
AC Thomas,16,416,327,7.63,15
RG Sharma,16,462,349,7.94,32
RR Powar,15,538,443,7.29,26
YA Abdulla,15,311,222,8.41,11
DR Sams,15,528,389,8.14,16
SJ Srivastava,15,444,306,8.71,14
AN Ahmed,15,515,362,8.54,17
Mohammad Nabi,15,527,419,7.55,23
S Lamichhane,14,297,211,8.45,9
GD McGrath,14,366,329,6.67,14
Kamran Khan,14,248,177,8.41,9
Umar Gul,14,198,153,7.76,6
Karanveer Singh,14,323,213,9.1,9
JR Hopes,14,562,369,9.14,20
R McLaren,14,558,372,9.0,18
DJG Sammy,14,354,244,8.7,19
KR Sen,14,396,255,9.32,12
CJ Anderson,14,525,315,10.0,22
AB McDonald,14,263,188,8.39,10
R Sai Kishore,13,259,191,8.14,10
CK Langeveldt,13,199,165,7.24,7
BA Bhatt,13,408,303,8.08,15
TK Curran,13,432,252,10.29,13
G Coetzee,13,357,216,9.92,10
SM Pollock,13,307,280,6.58,13
J Little,13,341,236,8.67,11
Joginder Sharma,13,421,272,9.29,15
JDP Oram,13,362,244,8.9,14
J Theron,13,311,235,7.94,10
RS Bopara,13,301,213,8.48,14
V Pratap Singh,12,300,211,8.53,9
BCJ Cutting,12,430,288,8.96,17
Ankit Sharma,12,453,375,7.25,21
SC Ganguly,12,370,280,7.93,20
V Shankar,12,344,258,8.0,22
AG Murtaza,12,322,269,7.18,12
JD Ryder,11,314,241,7.82,16
S Badree,11,329,263,7.51,12
TS Mills,11,349,218,9.61,10
Suyash Sharma,11,381,264,8.66,13
A Chandila,11,245,234,6.28,12
Abhishek Sharma,11,396,278,8.55,26
JL Pattinson,11,321,222,8.68,10
OC McCoy,11,255,180,8.5,8
BE Hendricks,11,239,157,9.13,7
Pankaj Singh,11,472,311,9.11,17
PVD Chameera,11,442,297,8.93,13
KP Appanna,11,291,222,7.86,13
Lalit Yadav,11,430,294,8.78,19
MA Wood,11,192,127,9.07,5
LS Livingstone,11,395,267,8.88,22
Simarjeet Singh,10,265,193,8.24,10
DJ Hussey,10,485,323,9.01,26
Anand Rajan,10,206,162,7.63,8
B Laughlin,10,284,179,9.52,9
DJ Hooda,10,535,384,8.36,33
J Syed Mohammad,10,286,196,8.76,11
MN Samuels,10,285,219,7.81,11
T Thushara,10,164,144,6.83,6
N Rana,10,253,185,8.21,24
K Kartikeya,10,334,241,8.32,12
KMA Paul,10,239,180,7.97,8
IS Sodhi,9,204,182,6.73,8
Shahid Afridi,9,237,185,7.69,10
SMSM Senanayake,9,211,195,6.49,8
AF Milne,9,339,217,9.37,10
KP Pietersen,9,218,180,7.27,13
SB Styris,9,278,222,7.51,11
Rasikh Salam,9,341,207,9.88,11
JEC Franklin,9,225,155,8.71,15
J Yadav,9,447,398,6.74,20
SE Bond,9,225,191,7.07,8
AM Nayar,9,323,239,8.11,19
P Parameswaran,9,226,159,8.53,8
BAW Mendis,9,306,248,7.4,10
Mohammad Asif,9,307,199,9.26,8
KA Jamieson,9,271,179,9.08,9
I Udana,8,286,182,9.43,10
A Mithun,8,477,312,9.17,16
JDS Neesham,8,342,222,9.24,13
S Sandeep Warrier,8,257,176,8.76,10
M Ntini,8,257,213,7.24,9
S Randiv,8,223,180,7.43,8
Akash Deep,8,324,175,11.11,8
N Thushara,8,259,172,9.03,7
MP Yadav,8,88,76,6.95,4
KC Cariappa,8,349,224,9.35,11
GC Viljoen,8,229,146,9.41,6
AA Chavan,8,339,255,7.98,13
Swapnil Singh,7,241,165,8.76,14
TL Suman,7,198,152,7.82,11
Y Venugopal Rao,7,338,222,9.14,20
C de Grandhomme,7,323,230,8.43,19
P Amarnath,7,241,132,10.95,6
OF Smith,7,179,95,11.31,6
B Stanlake,7,200,150,8.0,6
PC Valthaty,7,207,153,8.12,10
KM Asif,7,232,143,9.73,7
N Burger,7,152,105,8.69,5
D Pretorius,7,242,166,8.75,7
R Shukla,7,217,130,10.02,7
RR Raje,7,214,144,8.92,10
HF Gurney,7,239,169,8.49,8
AM Salvi,7,205,156,7.88,7
B Akhil,7,246,193,7.65,13
DJ Willey,7,277,221,7.52,11
KMDN Kulasekara,6,122,107,6.84,5
M de Lange,6,171,116,8.84,5
FH Edwards,6,160,150,6.4,6
JE Taylor,6,167,122,8.21,5
R Sathish,6,233,144,9.71,14
Arshad Khan,6,282,153,11.06,9
RV Gomez,6,130,97,8.04,9
S Kaushik,6,304,210,8.69,10
S Narwal,6,203,113,10.78,6
S Dube,6,190,117,9.74,14
Ramandeep Singh,6,64,45,8.53,4
Jaskaran Singh,6,174,111,9.41,7
MG Bracewell,6,95,66,8.64,5
Fazalhaq Farooqi,6,229,162,8.48,7
VS Malik,6,268,212,7.58,13
V Sehwag,6,236,138,10.26,15
DG Nalkande,6,150,89,10.11,6
S Tyagi,6,304,220,8.29,14
SB Bangar,6,221,153,8.67,9
SS Cottrell,6,177,131,8.11,6
R Shepherd,6,260,133,11.73,8
AS Roy,6,191,142,8.07,9
L Ablish,5,76,45,10.13,3
SB Wagh,5,147,108,8.17,8
AP Dole,5,114,73,9.37,3
V Kohli,5,371,264,8.43,26
Gurkeerat Singh,5,97,82,7.1,6
RJW Topley,5,182,107,10.21,5
Shoaib Akhtar,5,54,46,7.04,3
Akash Singh,5,227,141,9.66,7
S Ladda,5,225,141,9.57,9
PD Collingwood,5,101,90,6.73,6
K Khejroliya,5,221,129,10.28,7
O Thomas,5,85,63,8.1,4
TM Dilshan,5,368,275,8.03,25
R Parag,5,307,181,10.18,21
KL Nagarkoti,5,287,185,9.31,11
HR Shokeen,5,320,213,9.01,13
A Choudhary,5,144,108,8.0,5
Shoaib Ahmed,5,154,103,8.97,7
S Dhawan,4,72,49,8.82,6
Nithish Kumar Reddy,4,208,118,10.58,9
Yudhvir Singh,4,125,74,10.14,5
Ankit Soni,4,145,112,7.77,6
Azmatullah Omarzai,4,194,131,8.89,7
SH Johnson,4,155,99,9.39,5
Shivam Sharma,4,165,114,8.68,5
LE Plunkett,4,228,154,8.88,7
DJ Muthuswami,4,108,84,7.71,6
D du Preez,4,56,43,7.81,2
Arjun Tendulkar,4,117,83,8.46,5
Y Nagar,4,125,72,10.42,8
T Stubbs,4,29,25,6.96,3
WA Mota,4,98,75,7.84,7
Parvez Rasool,4,273,200,8.19,11
DP Vijaykumar,4,205,159,7.74,9
SM Boland,3,56,43,7.81,2
JW Hastings,3,66,61,6.49,3
DJ Thornely,3,40,44,5.45,4
GHS Garton,3,136,97,8.41,5
AL Menaria,3,144,113,7.65,12
Gagandeep Singh,3,142,84,10.14,4
DAJ Bracewell,3,32,25,7.68,1
RJ Peterson,3,70,48,8.75,4
RN ten Doeschate,3,94,83,6.8,10
RS Hangargekar,3,60,43,8.37,2
JM Kemp,3,58,47,7.4,5
T Shamsi,3,185,120,9.25,5
SM Harwood,3,74,67,6.63,3
Sikandar Raza,3,146,88,9.95,7
JJ van der Wath,3,134,76,10.58,3
A Uniyal,3,67,38,10.58,2
VR Iyer,3,145,84,10.36,9
Sachin Baby,3,8,10,4.8,2
JA Richardson,3,162,94,10.34,4
K Santokie,3,91,51,10.71,2
MJ Henry,3,183,105,10.46,6
TM Head,3,113,58,11.69,6
MJ Clarke,3,72,66,6.55,5
P Sahu,3,152,107,8.52,5
R Ninan,3,65,36,10.83,2
Mohammad Hafeez,2,71,63,6.76,4
AK Markram,2,173,123,8.44,14
A Badoni,2,37,25,8.88,5
A Flintoff,2,106,66,9.64,3
Shoaib Malik,2,87,58,9.0,5
A Kamboj,2,115,68,10.15,3
LJ Wright,2,125,75,10.0,6
SD Chitnis,2,62,38,9.79,2
V Kaverappa,2,36,24,9.0,1
SC Kuggeleijn,2,71,50,8.52,2
AU Rashid,2,91,60,9.1,3
B Geeves,2,91,49,11.14,2
JPR Scantlebury-Searles,2,89,45,11.87,3
Abdul Samad,2,113,55,12.33,5
WG Jacks,2,100,55,10.91,5
MA Khote,2,52,30,10.4,2
GD Phillips,2,40,31,7.74,4
D Kalyankrishna,2,88,50,10.56,3
MK Lomror,2,127,94,8.11,11
PH Solanki,2,39,36,6.5,2
KA Maharaj,2,39,36,6.5,2
P Suyal,2,154,107,8.64,5
FA Allen,2,136,91,8.97,4
DNT Zoysa,2,100,69,8.7,3
ND Doshi,2,79,57,8.32,4
C Nanda,2,58,50,6.96,3
KJ Abbott,2,182,102,10.71,5
Mayank Dagar,2,205,138,8.91,8
K Yadav,2,85,54,9.44,3
M Siddharth,1,72,58,7.45,3
GS Sandhu,1,86,48,10.75,2
A Nel,1,31,18,10.33,1
LMP Simmons,1,34,18,11.33,1
L Wood,1,94,38,14.84,2
AA Noffke,1,41,25,9.84,1
AA Kazi,1,21,13,9.69,1
AJ Hosein,1,41,24,10.25,1
GH Vihari,1,48,43,6.7,6
AC Voges,1,76,56,8.14,7
Y Prithvi Raj,1,57,33,10.36,2
AJ Finch,1,67,44,9.14,5
FY Fazal,1,20,12,10.0,2
T Henderson,1,41,36,6.83,2
TP Sudhindra,1,137,74,11.11,3
NB Singh,1,18,25,4.32,2
KT Maphaka,1,90,39,13.85,2
Mashrafe Mortaza,1,59,28,12.64,1
CL White,1,86,46,11.22,6
MK Tiwary,1,83,45,11.07,6
AA Jhunjhunwala,1,130,88,8.86,10
CJ McKay,1,60,42,8.57,2
S Vidyut,1,22,13,10.15,1
SB Joshi,1,82,55,8.95,4
D Salunkhe,1,80,51,9.41,5
DB Ravi Teja,1,28,18,9.33,2
RJ Gleeson,1,72,51,8.47,2
RG More,1,63,37,10.22,2
DJ Mitchell,1,97,51,11.41,4
SA Abbott,1,104,59,10.58,3
SS Agarwal,1,42,24,10.5,1
GR Napier,1,28,24,7.0,1
P Dubey,1,91,67,8.15,4
DJM Short,1,23,18,7.67,2
BMAJ Mendis,1,36,30,7.2,2
PM Sarvesh Kumar,1,42,31,8.13,2
R Powell,1,35,21,10.0,2
IC Porel,1,42,26,9.69,1
V Viyaskanth,1,90,60,9.0,3
Shashank Singh,1,25,19,7.89,3
D Jansen,1,53,28,11.36,1
SS Sarkar,1,34,25,8.16,2
SSB Magala,1,52,37,8.43,2
LB Williams,1,74,42,10.57,2
LI Meriwala,1,32,19,10.11,1
SE Rutherford,1,60,46,7.83,6
Monu Kumar,0,20,16,7.5,1
KR Mayers,0,59,46,7.7,6
Mohit Rathee,0,29,12,14.5,1
K Goel,0,94,67,8.42,6
CJ Dala,0,34,19,10.74,1
CJ Green,0,24,17,8.47,1
KS Williamson,0,31,18,10.33,2
KAJ Roach,0,80,52,9.23,2
Mandeep Singh,0,26,12,13.0,2
MW Short,0,25,25,6.0,3
CK Kapugedera,0,49,17,17.29,3
MJ Suthar,0,26,12,13.0,1
M Vijay,0,49,37,7.95,4
MB Parmar,0,33,19,10.42,1
MG Neser,0,62,25,14.88,1
Sunny Gupta,0,47,19,14.84,1
Vivrant Sharma,0,37,21,10.57,2
VS Yeligati,0,61,32,11.44,2
N Wadhera,0,13,12,6.5,1
NA Saini,0,35,15,14.0,1
NJ Rimmington,0,20,18,6.67,1
NL McCullum,0,35,30,7.0,2
Naman Dhir,0,55,29,11.38,3
R Goyal,0,34,24,8.5,1
P Ray Barman,0,56,24,14.0,1
C Munro,0,15,12,7.5,2
K Upadhyay,0,81,56,8.68,3
Arshad Khan (2),0,25,13,11.54,1
RR Bose,0,24,12,12.0,1
RV Patel,0,22,20,6.6,1
RW Price,0,33,18,11.0,1
RR Bhatkal,0,35,12,17.5,1
R Ravindra,0,7,12,3.5,2
JE Root,0,15,12,7.5,1
R Sanjay Yadav,0,23,14,9.86,1
M Shahrukh Khan,0,16,12,8.0,2
M Manhas,0,42,42,6.0,3
DJ Harris,0,26,18,8.67,2
Jalaj S Saxena,0,27,18,9.0,1
S Sriram,0,49,18,16.33,2
S Rana,0,18,16,6.75,3
S Joseph,0,51,30,10.2,1
S Midhun,0,29,13,13.38,1
AUK Pathan,0,63,41,9.22,3
AS Raut,0,45,30,9.0,5
H Sharma,0,62,30,12.4,2
Gurnoor Brar,0,42,21,12.0,1
Tejas Baroka,0,33,21,9.43,1
Tilak Varma,0,28,23,7.3,4
Abdur Razzak,0,29,14,12.43,1
SR Tendulkar,0,59,37,9.57,4
LRPL Taylor,0,24,13,11.08,2
SZ Mulani,0,57,33,10.36,2
Sumit Kumar,0,38,22,10.36,2
A Dananjaya,0,47,25,11.28,1
