Team,Venue,Total_Runs,Avg_Runs_Per_Delivery,Matches
Punjab Kings,"Eden Gardens, Kolkata",441,1.822314049586777,2
Mumbai Indians,"Rajiv Gandhi International Stadium, Uppal, Hyderabad",438,1.7661290322580645,2
Mumbai Indians,Holkar Cricket Stadium,375,1.7523364485981308,2
Rajasthan Royals,M.Chinnaswamy Stadium,258,1.7432432432432432,2
Sunrisers Hyderabad,"Eden Gardens, Kolkata",432,1.728,2
Royal Challengers Bengaluru,"Narendra Modi Stadium, Ahmedabad",378,1.7027027027027026,2
Kolkata Knight Riders,"M Chinnaswamy Stadium, Bengaluru",386,1.6782608695652175,2
Rajasthan Royals,"Eden Gardens, Kolkata",563,1.6607669616519174,3
Chennai Super Kings,"Arun Jaitley Stadium, Delhi",614,1.6549865229110512,3
Chennai Super Kings,"M Chinnaswamy Stadium, Bengaluru",417,1.6547619047619047,2
Mumbai Indians,"Arun Jaitley Stadium, Delhi",811,1.6517311608961303,4
Delhi Capitals,"Brabourne Stadium, Mumbai",720,1.643835616438356,4
Chennai Super Kings,"Narendra Modi Stadium, Ahmedabad",545,1.607669616519174,3
Royal Challengers Bangalore,Saurashtra Cricket Association Stadium,393,1.6040816326530611,2
Gujarat Titans,"Arun Jaitley Stadium, Delhi",383,1.602510460251046,2
Gujarat Lions,Eden Gardens,352,1.6,2
Rajasthan Royals,Brabourne Stadium,790,1.595959595959596,4
Royal Challengers Bengaluru,"M Chinnaswamy Stadium, Bengaluru",1332,1.5894988066825775,7
Rajasthan Royals,"Rajiv Gandhi International Stadium, Uppal, Hyderabad",403,1.5866141732283465,2
Sunrisers Hyderabad,"Arun Jaitley Stadium, Delhi",799,1.5821782178217823,4
Royal Challengers Bangalore,"M Chinnaswamy Stadium, Bengaluru",1341,1.5813679245283019,7
Sunrisers Hyderabad,"Punjab Cricket Association IS Bindra Stadium, Mohali",387,1.579591836734694,2
Gujarat Titans,"Eden Gardens, Kolkata",371,1.578723404255319,2
Kolkata Knight Riders,"Eden Gardens, Kolkata",2670,1.5705882352941176,14
Kolkata Knight Riders,M.Chinnaswamy Stadium,382,1.5655737704918034,2
Kochi Tuskers Kerala,Holkar Cricket Stadium,276,1.5593220338983051,2
Rajasthan Royals,"Arun Jaitley Stadium, Delhi",592,1.5456919060052219,3
Lucknow Super Giants,"M Chinnaswamy Stadium, Bengaluru",394,1.5450980392156863,2
Kings XI Punjab,Sharjah Cricket Stadium,936,1.542009884678748,5
Sunrisers Hyderabad,M.Chinnaswamy Stadium,379,1.5406504065040652,2
Gujarat Lions,"Punjab Cricket Association IS Bindra Stadium, Mohali",354,1.5391304347826087,2
Deccan Chargers,Himachal Pradesh Cricket Association Stadium,376,1.5346938775510204,2
Chennai Super Kings,"Punjab Cricket Association Stadium, Mohali",701,1.5305676855895196,4
Mumbai Indians,"Wankhede Stadium, Mumbai",3221,1.5193396226415095,18
Delhi Capitals,"Arun Jaitley Stadium, Delhi",2228,1.5187457396046353,12
Kolkata Knight Riders,"Narendra Modi Stadium, Ahmedabad",651,1.5174825174825175,4
Sunrisers Hyderabad,"Brabourne Stadium, Mumbai",434,1.5174825174825175,3
Sunrisers Hyderabad,"Rajiv Gandhi International Stadium, Uppal, Hyderabad",2322,1.5166557805355976,13
Delhi Daredevils,Maharashtra Cricket Association Stadium,572,1.5132275132275133,3
Delhi Capitals,"Dr. Y.S. Rajasekhara Reddy ACA-VDCA Cricket Stadium, Visakhapatnam",357,1.5063291139240507,2
Gujarat Titans,"Sawai Mansingh Stadium, Jaipur",318,1.5,2
Deccan Chargers,"Punjab Cricket Association Stadium, Mohali",365,1.4959016393442623,2
Gujarat Titans,"Narendra Modi Stadium, Ahmedabad",2945,1.4941653982749874,16
Kolkata Knight Riders,"Zayed Cricket Stadium, Abu Dhabi",424,1.4929577464788732,3
Royal Challengers Bangalore,M.Chinnaswamy Stadium,2593,1.4893739230327399,15
Chennai Super Kings,SuperSport Park,537,1.4875346260387812,3
Royal Challengers Bangalore,Arun Jaitley Stadium,358,1.4854771784232366,2
Kolkata Knight Riders,"Brabourne Stadium, Mumbai",556,1.4826666666666666,3
Lucknow Super Giants,"Brabourne Stadium, Mumbai",564,1.4803149606299213,3
Kolkata Knight Riders,SuperSport Park,362,1.4775510204081632,2
Rajasthan Royals,Wankhede Stadium,1375,1.476906552094522,8
Punjab Kings,Dubai International Cricket Stadium,490,1.4759036144578312,3
Delhi Capitals,"Wankhede Stadium, Mumbai",1618,1.4749316317228807,9
Kings XI Punjab,Barabati Stadium,544,1.4742547425474255,3
Punjab Kings,"Himachal Pradesh Cricket Association Stadium, Dharamsala",705,1.4718162839248434,4
Chennai Super Kings,M.Chinnaswamy Stadium,367,1.468,2
Delhi Daredevils,Arun Jaitley Stadium,1258,1.467911318553092,7
Rajasthan Royals,"Brabourne Stadium, Mumbai",546,1.467741935483871,3
Kings XI Punjab,Punjab Cricket Association IS Bindra Stadium,1762,1.4671107410491258,10
Gujarat Lions,Feroz Shah Kotla,542,1.4648648648648648,3
Gujarat Lions,Green Park,647,1.4638009049773755,4
Punjab Kings,"Punjab Cricket Association IS Bindra Stadium, Mohali, Chandigarh",909,1.463768115942029,5
Royal Challengers Bangalore,"Wankhede Stadium, Mumbai",1226,1.4630071599045347,7
Gujarat Titans,"Brabourne Stadium, Mumbai",536,1.4604904632152589,3
Kolkata Knight Riders,Maharashtra Cricket Association Stadium,505,1.4595375722543353,3
Chennai Super Kings,"Zayed Cricket Stadium, Abu Dhabi",361,1.4556451612903225,2
Mumbai Indians,"Brabourne Stadium, Mumbai",716,1.4552845528455285,4
Chennai Super Kings,Punjab Cricket Association IS Bindra Stadium,363,1.452,2
Chennai Super Kings,Maharashtra Cricket Association Stadium,1051,1.451657458563536,6
Royal Challengers Bangalore,Subrata Roy Sahara Stadium,360,1.4516129032258065,2
Rajasthan Royals,"Barsapara Cricket Stadium, Guwahati",535,1.445945945945946,3
Kings XI Punjab,Holkar Cricket Stadium,1324,1.445414847161572,8
Rajasthan Royals,"Sawai Mansingh Stadium, Jaipur",1683,1.4446351931330472,10
Chennai Super Kings,"Maharashtra Cricket Association Stadium, Pune",531,1.4429347826086956,3
Punjab Kings,"Wankhede Stadium, Mumbai",1409,1.4406952965235174,8
Gujarat Lions,Maharashtra Cricket Association Stadium,357,1.439516129032258,2
Chennai Super Kings,"Dr DY Patil Sports Academy, Mumbai",734,1.4392156862745098,4
Chennai Super Kings,"Rajiv Gandhi International Stadium, Uppal",541,1.4388297872340425,3
Lucknow Super Giants,"MA Chidambaram Stadium, Chepauk, Chennai",519,1.4376731301939059,3
Lucknow Super Giants,"Rajiv Gandhi International Stadium, Uppal, Hyderabad",350,1.4344262295081966,2
Deccan Chargers,Newlands,288,1.4328358208955223,2
Delhi Daredevils,Kingsmead,519,1.4297520661157024,3
Mumbai Indians,"Zayed Cricket Stadium, Abu Dhabi",527,1.4281842818428185,3
Chennai Super Kings,"MA Chidambaram Stadium, Chepauk, Chennai",2602,1.4281009879253568,15
Punjab Kings,"Rajiv Gandhi International Stadium, Uppal, Hyderabad",357,1.428,2
Delhi Daredevils,Dubai International Cricket Stadium,347,1.4279835390946503,2
Royal Challengers Bangalore,Feroz Shah Kotla,1147,1.4266169154228856,7
Mumbai Indians,Maharashtra Cricket Association Stadium,515,1.4265927977839334,3
Kings XI Punjab,Wankhede Stadium,1952,1.4248175182481753,11
Rajasthan Royals,"MA Chidambaram Stadium, Chepauk",1057,1.4226110363391655,6
Deccan Chargers,M Chinnaswamy Stadium,520,1.4207650273224044,3
Punjab Kings,"Barsapara Cricket Stadium, Guwahati",342,1.4190871369294606,2
Mumbai Indians,Eden Gardens,2249,1.4180327868852458,13
Kolkata Knight Riders,M Chinnaswamy Stadium,1604,1.4169611307420495,11
Lucknow Super Giants,"Dr DY Patil Sports Academy, Mumbai",697,1.4166666666666667,4
Royal Challengers Bangalore,"Eden Gardens, Kolkata",330,1.4163090128755365,2
Chennai Super Kings,Dr. Y.S. Rajasekhara Reddy ACA-VDCA Cricket Stadium,344,1.4156378600823045,2
Gujarat Titans,"M Chinnaswamy Stadium, Bengaluru",345,1.4139344262295082,2
Mumbai Indians,Brabourne Stadium,1217,1.413472706155633,7
Lucknow Super Giants,"Wankhede Stadium, Mumbai",897,1.4125984251968504,5
Sunrisers Hyderabad,Arun Jaitley Stadium,322,1.412280701754386,2
Royal Challengers Bangalore,"Dr DY Patil Sports Academy, Mumbai",711,1.4107142857142858,4
Kings XI Punjab,Saurashtra Cricket Association Stadium,342,1.4074074074074074,2
Kolkata Knight Riders,Arun Jaitley Stadium,356,1.407114624505929,2
Gujarat Titans,"Wankhede Stadium, Mumbai",856,1.4032786885245903,5
Mumbai Indians,Sheikh Zayed Stadium,1539,1.4029170464904284,9
Mumbai Indians,"Sardar Patel Stadium, Motera",342,1.401639344262295,2
Kolkata Knight Riders,"Maharashtra Cricket Association Stadium, Pune",440,1.4012738853503184,3
Rajasthan Royals,"Maharashtra Cricket Association Stadium, Pune",354,1.3992094861660078,2
Kings XI Punjab,M.Chinnaswamy Stadium,340,1.3991769547325104,2
Chennai Super Kings,Feroz Shah Kotla,1030,1.3975576662143827,6
Delhi Daredevils,"Rajiv Gandhi International Stadium, Uppal",921,1.3954545454545455,6
Delhi Capitals,"Narendra Modi Stadium, Ahmedabad",715,1.3910505836575875,5
Rajasthan Royals,"Wankhede Stadium, Mumbai",2058,1.3896016205266712,12
Punjab Kings,"Bharat Ratna Shri Atal Bihari Vajpayee Ekana Cricket Stadium, Lucknow",339,1.389344262295082,2
Delhi Daredevils,M Chinnaswamy Stadium,1190,1.3853317811408614,7
Sunrisers Hyderabad,"Wankhede Stadium, Mumbai",1043,1.3851261620185924,6
Royal Challengers Bangalore,Eden Gardens,1545,1.3844086021505377,10
Punjab Kings,"Brabourne Stadium, Mumbai",693,1.3832335329341316,4
Royal Challengers Bangalore,M Chinnaswamy Stadium,9729,1.382745878339966,61
Royal Challengers Bangalore,"Punjab Cricket Association Stadium, Mohali",767,1.381981981981982,5
Rajasthan Royals,"Narendra Modi Stadium, Ahmedabad",644,1.3819742489270386,4
Kings XI Punjab,"Punjab Cricket Association IS Bindra Stadium, Mohali",1755,1.3818897637795275,11
Royal Challengers Bangalore,Wankhede Stadium,1692,1.3812244897959183,10
Kings XI Punjab,Himachal Pradesh Cricket Association Stadium,1502,1.380514705882353,9
Lucknow Super Giants,"Eden Gardens, Kolkata",530,1.3802083333333333,3
Royal Challengers Bangalore,Holkar Cricket Stadium,240,1.3793103448275863,2
Rising Pune Supergiants,Maharashtra Cricket Association Stadium,686,1.3775100401606426,4
Delhi Daredevils,Dr DY Patil Sports Academy,323,1.374468085106383,2
Kings XI Punjab,"Rajiv Gandhi International Stadium, Uppal",1314,1.370177267987487,8
Sunrisers Hyderabad,M Chinnaswamy Stadium,1006,1.3668478260869565,6
Deccan Chargers,Sawai Mansingh Stadium,336,1.360323886639676,2
Rajasthan Royals,"Punjab Cricket Association Stadium, Mohali",997,1.360163710777626,6
Sunrisers Hyderabad,Rajiv Gandhi International Stadium,2224,1.3594132029339854,14
Chennai Super Kings,"Brabourne Stadium, Mumbai",666,1.3591836734693878,4
Chennai Super Kings,"Wankhede Stadium, Mumbai",1796,1.3585476550680786,11
Deccan Chargers,De Beers Diamond Oval,334,1.3577235772357723,2
Punjab Kings,"Narendra Modi Stadium, Ahmedabad",668,1.354969574036511,4
Mumbai Indians,"Maharashtra Cricket Association Stadium, Pune",498,1.3532608695652173,3
Chennai Super Kings,St George's Park,330,1.3524590163934427,2
Mumbai Indians,Feroz Shah Kotla,1487,1.3518181818181818,9
Punjab Kings,"Dr DY Patil Sports Academy, Mumbai",646,1.3514644351464435,4
Mumbai Indians,"Narendra Modi Stadium, Ahmedabad",485,1.350974930362117,3
Chennai Super Kings,M Chinnaswamy Stadium,1051,1.3508997429305913,7
Mumbai Indians,Wankhede Stadium,10923,1.3501854140914709,67
Deccan Chargers,Kingsmead,498,1.3495934959349594,3
Deccan Chargers,Barabati Stadium,653,1.3491735537190082,4
Sunrisers Hyderabad,"Zayed Cricket Stadium, Abu Dhabi",334,1.346774193548387,2
Royal Challengers Bangalore,"MA Chidambaram Stadium, Chepauk, Chennai",513,1.3464566929133859,3
Chennai Super Kings,Sheikh Zayed Stadium,984,1.3461012311901506,6
Chennai Super Kings,"MA Chidambaram Stadium, Chepauk",7718,1.346006278339728,47
Mumbai Indians,Arun Jaitley Stadium,331,1.3455284552845528,2
Sunrisers Hyderabad,"Dr DY Patil Sports Academy, Mumbai",632,1.3446808510638297,4
Kolkata Knight Riders,Rajiv Gandhi International Stadium,332,1.3441295546558705,2
Kings XI Punjab,Eden Gardens,1741,1.3433641975308641,11
Delhi Capitals,Sharjah Cricket Stadium,991,1.3428184281842819,6
Rising Pune Supergiant,Maharashtra Cricket Association Stadium,1058,1.3426395939086295,7
Kolkata Knight Riders,Eden Gardens,11547,1.3380069524913094,74
Kings XI Punjab,Sheikh Zayed Stadium,981,1.3346938775510204,6
Mumbai Indians,M.Chinnaswamy Stadium,340,1.3333333333333333,2
Rajasthan Royals,"Dr DY Patil Sports Academy, Mumbai",666,1.332,4
Punjab Kings,"Maharaja Yadavindra Singh International Cricket Stadium, Mullanpur",829,1.3306581059390048,5
Kings XI Punjab,"Punjab Cricket Association Stadium, Mohali",5527,1.3298845043310876,35
Kolkata Knight Riders,"Wankhede Stadium, Mumbai",1267,1.329485834207765,8
Lucknow Super Giants,"Sawai Mansingh Stadium, Jaipur",327,1.329268292682927,2
Deccan Chargers,Feroz Shah Kotla,652,1.3279022403258656,4
Gujarat Lions,Saurashtra Cricket Association Stadium,1629,1.3276283618581908,10
Kings XI Punjab,M Chinnaswamy Stadium,1532,1.3275563258232235,10
Kolkata Knight Riders,Brabourne Stadium,345,1.3269230769230769,2
Kings XI Punjab,Dubai International Cricket Stadium,1291,1.3254620123203285,8
Kolkata Knight Riders,"Punjab Cricket Association Stadium, Mohali",632,1.3249475890985325,4
Delhi Daredevils,Sawai Mansingh Stadium,665,1.3247011952191234,5
Mumbai Indians,Sharjah Cricket Stadium,821,1.3241935483870968,6
Mumbai Indians,M Chinnaswamy Stadium,1554,1.323679727427598,10
Chennai Super Kings,Wankhede Stadium,2193,1.3234761617380808,14
Delhi Daredevils,Feroz Shah Kotla,8648,1.3221219996942364,56
Kolkata Knight Riders,Dubai International Cricket Stadium,1152,1.3195876288659794,7
Rajasthan Royals,"Sardar Patel Stadium, Motera",1912,1.3186206896551724,12
Rajasthan Royals,"Zayed Cricket Stadium, Abu Dhabi",311,1.3177966101694916,2
Mumbai Indians,St George's Park,491,1.3163538873994638,3
Sunrisers Hyderabad,Shaheed Veer Narayan Singh International Stadium,321,1.3155737704918034,2
Delhi Capitals,"Bharat Ratna Shri Atal Bihari Vajpayee Ekana Cricket Stadium, Lucknow",313,1.315126050420168,2
Royal Challengers Bangalore,Sawai Mansingh Stadium,1067,1.314039408866995,7
Rajasthan Royals,Sharjah Cricket Stadium,946,1.3138888888888889,6
Kolkata Knight Riders,"Dr DY Patil Sports Academy, Mumbai",649,1.3137651821862348,4
Kolkata Knight Riders,"Rajiv Gandhi International Stadium, Uppal",956,1.3131868131868132,6
Royal Challengers Bangalore,"Rajiv Gandhi International Stadium, Uppal",1175,1.312849162011173,8
Kolkata Knight Riders,"MA Chidambaram Stadium, Chepauk, Chennai",893,1.3113069016152716,6
Rajasthan Royals,Sheikh Zayed Stadium,1167,1.3097643097643097,8
Punjab Kings,"MA Chidambaram Stadium, Chepauk, Chennai",616,1.3078556263269638,4
Sunrisers Hyderabad,"MA Chidambaram Stadium, Chepauk",323,1.3076923076923077,2
Gujarat Titans,"Maharashtra Cricket Association Stadium, Pune",485,1.307277628032345,3
Kings XI Punjab,Dr. Y.S. Rajasekhara Reddy ACA-VDCA Cricket Stadium,299,1.3056768558951966,2
Sunrisers Hyderabad,Dubai International Cricket Stadium,2084,1.3041301627033792,13
Rising Pune Supergiant,Wankhede Stadium,322,1.3036437246963564,2
Lucknow Super Giants,"Bharat Ratna Shri Atal Bihari Vajpayee Ekana Cricket Stadium, Lucknow",2204,1.303370786516854,14
Chennai Super Kings,Subrata Roy Sahara Stadium,319,1.3020408163265307,2
Rajasthan Royals,Sawai Mansingh Stadium,7282,1.3017518770110834,47
Deccan Chargers,"MA Chidambaram Stadium, Chepauk",634,1.2991803278688525,4
Rajasthan Royals,Arun Jaitley Stadium,261,1.2985074626865671,2
Rajasthan Royals,Rajiv Gandhi International Stadium,323,1.2971887550200802,2
Sunrisers Hyderabad,Punjab Cricket Association IS Bindra Stadium,328,1.2964426877470356,2
Punjab Kings,"Maharashtra Cricket Association Stadium, Pune",331,1.29296875,2
Gujarat Lions,Wankhede Stadium,323,1.292,2
Kolkata Knight Riders,Sawai Mansingh Stadium,881,1.2917888563049853,6
Chennai Super Kings,Sharjah Cricket Stadium,935,1.2914364640883977,6
Chennai Super Kings,Himachal Pradesh Cricket Association Stadium,315,1.290983606557377,2
Kolkata Knight Riders,"Punjab Cricket Association IS Bindra Stadium, Mohali",294,1.2894736842105263,2
Gujarat Titans,"Dr DY Patil Sports Academy, Mumbai",653,1.2854330708661417,4
Chennai Super Kings,"Sardar Patel Stadium, Motera",316,1.2845528455284554,2
Chennai Super Kings,JSCA International Stadium Complex,760,1.2837837837837838,5
Delhi Daredevils,SuperSport Park,612,1.2830188679245282,4
Sunrisers Hyderabad,"Narendra Modi Stadium, Ahmedabad",475,1.280323450134771,3
Mumbai Indians,Dubai International Cricket Stadium,1528,1.2797319932998326,10
Delhi Daredevils,M.Chinnaswamy Stadium,316,1.2793522267206479,2
Sunrisers Hyderabad,"Rajiv Gandhi International Stadium, Uppal",4520,1.279003961516695,30
Royal Challengers Bangalore,"MA Chidambaram Stadium, Chepauk",1275,1.2788365095285859,8
Delhi Capitals,Sheikh Zayed Stadium,787,1.2775974025974026,5
Royal Challengers Bangalore,"Narendra Modi Stadium, Ahmedabad",473,1.274932614555256,3
Deccan Chargers,"Rajiv Gandhi International Stadium, Uppal",2830,1.2742008104457452,18
Kolkata Knight Riders,Feroz Shah Kotla,1215,1.2735849056603774,8
Delhi Capitals,Arun Jaitley Stadium,1073,1.272835112692764,7
Royal Challengers Bangalore,Sharjah Cricket Stadium,1237,1.2700205338809034,8
Sunrisers Hyderabad,Dr. Y.S. Rajasekhara Reddy ACA-VDCA Cricket Stadium,942,1.2695417789757413,6
Mumbai Indians,Dr DY Patil Sports Academy,1082,1.268464243845252,7
Pune Warriors,M Chinnaswamy Stadium,470,1.266846361185984,3
Chennai Super Kings,Dubai International Cricket Stadium,2169,1.266199649737303,14
Kings XI Punjab,Sawai Mansingh Stadium,930,1.263586956521739,6
Delhi Capitals,Dr. Y.S. Rajasekhara Reddy ACA-VDCA Cricket Stadium,312,1.263157894736842,2
Delhi Daredevils,Brabourne Stadium,319,1.2608695652173914,2
Kolkata Knight Riders,MA Chidambaram Stadium,310,1.2601626016260163,2
Sunrisers Hyderabad,Feroz Shah Kotla,801,1.259433962264151,6
Royal Challengers Bangalore,Dubai International Cricket Stadium,1838,1.2580424366872005,12
Delhi Daredevils,Himachal Pradesh Cricket Association Stadium,450,1.2569832402234637,3
Chennai Super Kings,Dr DY Patil Sports Academy,618,1.2510121457489878,4
Rajasthan Royals,M Chinnaswamy Stadium,733,1.2508532423208192,5
Sunrisers Hyderabad,Maharashtra Cricket Association Stadium,474,1.2506596306068603,3
Rajasthan Royals,Feroz Shah Kotla,1043,1.250599520383693,7
Delhi Capitals,Dubai International Cricket Stadium,2010,1.25,13
Rajasthan Royals,Dubai International Cricket Stadium,1541,1.2497972424979724,10
Delhi Capitals,"Dr DY Patil Sports Academy, Mumbai",586,1.2494669509594882,4
Mumbai Indians,"MA Chidambaram Stadium, Chepauk",907,1.2493112947658402,6
Mumbai Indians,"Dr DY Patil Sports Academy, Mumbai",599,1.2479166666666666,4
Deccan Chargers,SuperSport Park,605,1.2474226804123711,4
Chennai Super Kings,New Wanderers Stadium,309,1.2459677419354838,2
Chennai Super Kings,Rajiv Gandhi International Stadium,462,1.2452830188679245,3
Sunrisers Hyderabad,"Punjab Cricket Association Stadium, Mohali",300,1.2448132780082988,2
Kings XI Punjab,Arun Jaitley Stadium,306,1.2439024390243902,2
Sunrisers Hyderabad,"Maharashtra Cricket Association Stadium, Pune",461,1.2425876010781671,3
Kolkata Knight Riders,"MA Chidambaram Stadium, Chepauk",1087,1.2408675799086757,7
Sunrisers Hyderabad,Eden Gardens,1222,1.2406091370558376,8
Mumbai Indians,"Punjab Cricket Association Stadium, Mohali",859,1.2395382395382395,6
Delhi Daredevils,Shaheed Veer Narayan Singh International Stadium,877,1.2387005649717515,6
Lucknow Super Giants,"Maharashtra Cricket Association Stadium, Pune",411,1.2379518072289157,3
Rajasthan Royals,"Rajiv Gandhi International Stadium, Uppal",597,1.236024844720497,4
Sunrisers Hyderabad,Wankhede Stadium,1078,1.2348224513172967,7
Mumbai Indians,"Bharat Ratna Shri Atal Bihari Vajpayee Ekana Cricket Stadium, Lucknow",316,1.234375,2
Rajasthan Royals,Kingsmead,457,1.2318059299191375,3
Chennai Super Kings,Sawai Mansingh Stadium,904,1.2282608695652173,6
Chennai Super Kings,Eden Gardens,1561,1.2272012578616351,11
Chennai Super Kings,MA Chidambaram Stadium,1317,1.2262569832402235,9
Rajasthan Royals,Subrata Roy Sahara Stadium,271,1.2262443438914028,2
Sunrisers Hyderabad,Sawai Mansingh Stadium,455,1.2231182795698925,3
Kolkata Knight Riders,Subrata Roy Sahara Stadium,450,1.2228260869565217,3
Delhi Daredevils,Subrata Roy Sahara Stadium,426,1.2206303724928367,3
Royal Challengers Bangalore,New Wanderers Stadium,571,1.2200854700854702,4
Kolkata Knight Riders,Sharjah Cricket Stadium,1197,1.2189409368635438,8
Royal Challengers Bangalore,SuperSport Park,451,1.218918918918919,3
Kolkata Knight Riders,Sheikh Zayed Stadium,1649,1.2187730968218773,11
Mumbai Indians,"MA Chidambaram Stadium, Chepauk, Chennai",1050,1.2180974477958237,7
Kolkata Knight Riders,Dr DY Patil Sports Academy,280,1.2173913043478262,2
Mumbai Indians,"Rajiv Gandhi International Stadium, Uppal",1162,1.2167539267015708,8
Rajasthan Royals,"MA Chidambaram Stadium, Chepauk, Chennai",455,1.2165775401069518,3
Sunrisers Hyderabad,Sheikh Zayed Stadium,906,1.2161073825503357,6
Mumbai Indians,MA Chidambaram Stadium,287,1.2161016949152543,2
Kings XI Punjab,SuperSport Park,293,1.2157676348547717,2
Kings XI Punjab,Subrata Roy Sahara Stadium,244,1.2139303482587065,2
Mumbai Indians,Dr. Y.S. Rajasekhara Reddy ACA-VDCA Cricket Stadium,564,1.2103004291845494,4
Royal Challengers Bangalore,"Maharashtra Cricket Association Stadium, Pune",440,1.2087912087912087,3
Delhi Daredevils,"Sardar Patel Stadium, Motera",281,1.206008583690987,2
Deccan Chargers,"Vidarbha Cricket Association Stadium, Jamtha",447,1.2048517520215634,3
Kolkata Knight Riders,Barabati Stadium,419,1.2040229885057472,3
Pune Warriors,Sawai Mansingh Stadium,446,1.202156334231806,3
Delhi Daredevils,Wankhede Stadium,1124,1.202139037433155,8
Delhi Daredevils,Eden Gardens,1050,1.2013729977116705,8
Delhi Capitals,"M Chinnaswamy Stadium, Bengaluru",291,1.1975308641975309,2
Rising Pune Supergiants,Dr. Y.S. Rajasekhara Reddy ACA-VDCA Cricket Stadium,382,1.1974921630094044,3
Chennai Super Kings,Kingsmead,590,1.1967545638945234,4
Kolkata Knight Riders,"Sardar Patel Stadium, Motera",294,1.1951219512195121,2
Pune Warriors,Dr DY Patil Sports Academy,985,1.1939393939393939,7
Pune Warriors,"Punjab Cricket Association Stadium, Mohali",420,1.1931818181818181,3
Royal Challengers Bangalore,Kingsmead,588,1.1926977687626774,4
Rajasthan Royals,Eden Gardens,1254,1.1920152091254752,9
Kings XI Punjab,Newlands,243,1.1911764705882353,2
Kings XI Punjab,Feroz Shah Kotla,1196,1.1888667992047715,9
Gujarat Lions,M Chinnaswamy Stadium,397,1.188622754491018,3
Kings XI Punjab,"MA Chidambaram Stadium, Chepauk",731,1.1886178861788619,5
Delhi Capitals,"MA Chidambaram Stadium, Chepauk, Chennai",445,1.1866666666666668,3
Royal Challengers Bangalore,Maharashtra Cricket Association Stadium,588,1.185483870967742,4
Sunrisers Hyderabad,"MA Chidambaram Stadium, Chepauk, Chennai",1300,1.1818181818181819,9
Deccan Chargers,New Wanderers Stadium,442,1.1818181818181819,3
Royal Challengers Bangalore,Newlands,293,1.1814516129032258,2
Sunrisers Hyderabad,Sharjah Cricket Stadium,966,1.1809290953545233,7
Kolkata Knight Riders,Wankhede Stadium,1278,1.1789667896678966,9
Kings XI Punjab,Rajiv Gandhi International Stadium,286,1.176954732510288,2
Delhi Daredevils,"Punjab Cricket Association Stadium, Mohali",419,1.173669467787115,3
Rajasthan Royals,Dr DY Patil Sports Academy,267,1.165938864628821,2
Delhi Daredevils,"MA Chidambaram Stadium, Chepauk",977,1.165871121718377,7
Mumbai Indians,Rajiv Gandhi International Stadium,432,1.1644204851752022,3
Mumbai Indians,Sawai Mansingh Stadium,996,1.1608391608391608,7
Mumbai Indians,SuperSport Park,413,1.1601123595505618,3
Pune Warriors,"MA Chidambaram Stadium, Chepauk",427,1.1571815718157181,3
Kochi Tuskers Kerala,Nehru Stadium,645,1.1559139784946237,5
Gujarat Titans,"MA Chidambaram Stadium, Chepauk, Chennai",300,1.1538461538461537,2
Chennai Super Kings,Arun Jaitley Stadium,278,1.1535269709543567,2
Royal Challengers Bangalore,Sheikh Zayed Stadium,760,1.1497730711043872,6
Rajasthan Royals,SuperSport Park,380,1.148036253776435,3
Delhi Daredevils,New Wanderers Stadium,404,1.1477272727272727,3
Deccan Chargers,Eden Gardens,421,1.1471389645776566,3
Kings XI Punjab,Maharashtra Cricket Association Stadium,682,1.140468227424749,5
Deccan Chargers,Dr DY Patil Sports Academy,760,1.1394302848575713,6
Kolkata Knight Riders,St George's Park,248,1.1376146788990826,2
Delhi Daredevils,Dr. Y.S. Rajasekhara Reddy ACA-VDCA Cricket Stadium,414,1.1373626373626373,3
Punjab Kings,Sharjah Cricket Stadium,283,1.1365461847389557,2
Kolkata Knight Riders,JSCA International Stadium Complex,393,1.1358381502890174,3
Kolkata Knight Riders,New Wanderers Stadium,283,1.132,2
Delhi Daredevils,Sharjah Cricket Stadium,271,1.1291666666666667,2
Rajasthan Royals,Maharashtra Cricket Association Stadium,411,1.129120879120879,3
Deccan Chargers,Dr. Y.S. Rajasekhara Reddy ACA-VDCA Cricket Stadium,257,1.1222707423580787,2
Rising Pune Supergiant,"Rajiv Gandhi International Stadium, Uppal",276,1.1174089068825912,2
Pune Warriors,Subrata Roy Sahara Stadium,2045,1.1162663755458515,15
Kolkata Knight Riders,Kingsmead,474,1.1126760563380282,4
Royal Challengers Bangalore,Dr DY Patil Sports Academy,235,1.1084905660377358,2
Royal Challengers Bangalore,"Brabourne Stadium, Mumbai",393,1.1070422535211268,3
Gujarat Titans,"Bharat Ratna Shri Atal Bihari Vajpayee Ekana Cricket Stadium, Lucknow",265,1.0950413223140496,2
Pune Warriors,Wankhede Stadium,389,1.0926966292134832,3
Kings XI Punjab,Kingsmead,812,1.0884718498659518,6
Mumbai Indians,Kingsmead,415,1.0863874345549738,3
Royal Challengers Bangalore,St George's Park,377,1.0771428571428572,3
Royal Challengers Bangalore,JSCA International Stadium Complex,396,1.076086956521739,3
Delhi Daredevils,OUTsurance Oval,270,1.0756972111553784,2
Gujarat Lions,"Rajiv Gandhi International Stadium, Uppal",261,1.0653061224489795,2
Rajasthan Royals,Holkar Cricket Stadium,249,1.064102564102564,2
Pune Warriors,"Rajiv Gandhi International Stadium, Uppal",241,1.0570175438596492,2
Rajasthan Royals,De Beers Diamond Oval,253,1.0454545454545454,2
Delhi Daredevils,"Punjab Cricket Association IS Bindra Stadium, Mohali",239,1.0391304347826087,2
Kolkata Knight Riders,Newlands,266,1.0390625,2
Royal Challengers Bangalore,Rajiv Gandhi International Stadium,254,1.032520325203252,2
Mumbai Indians,Buffalo Park,264,1.03125,2
Deccan Chargers,Wankhede Stadium,235,0.9957627118644068,2
Mumbai Indians,Subrata Roy Sahara Stadium,236,0.9874476987447699,2
Rajasthan Royals,Newlands,338,0.9548022598870056,3
Royal Challengers Bangalore,"Zayed Cricket Stadium, Abu Dhabi",229,0.9541666666666667,2
